points_id,latitude,longitude,major_basin_name,minor_basin_name,pfaf_id,gid_0,name_1,area_km2,w_awr_def_qan_raw_0,w_awr_def_qal_raw_0,w_awr_def_rrr_raw_0,w_awr_def_tot_raw_0,w_awr_smc_qan_raw_1,w_awr_smc_qal_raw_1,w_awr_smc_rrr_raw_1,w_awr_smc_tot_raw_1
0,42.271105,-83.73451,St Lawrence,Huron,725572,USA,Michigan,2062.767827,1.984246195,1.658017978,0.412445544,1.591476069,1.677546248,1.658017978,0.617000618,1.448106662
1,42.47487,-71.14927,Atlantic Ocean Seaboard,Charles,731190,USA,Massachusetts,8235.727113,1.512274699,1.924709178,0.136840104,1.270706297,1.345401112,1.924709178,0.461972558,1.342355542
2,42.92366887,-77.31232452,St Lawrence,Seneca,725540,USA,New York,13679.98758,0.442081274,1.664533905,0.550714068,0.644823004,0.598815885,1.664533905,0.694776663,0.955560687
3,40.28079562,-74.55414486,"United States, North Atlantic Coast",Raritan,731504,USA,New Jersey,1133.681346,1.909883402,1.933019239,0.180676292,1.595106892,1.653582505,1.933019239,0.486630414,1.511144983
4,37.49034602,-121.932559,California,Coyote,774300,USA,California,10534.35993,1.668121673,1.938685854,0.097777778,1.363006795,1.868063741,1.938685854,0.44,1.589720463
5,42.53155238,-71.14668975,Atlantic Ocean Seaboard,Charles,731190,USA,Massachusetts,8235.727113,1.512274699,1.924709178,0.136840104,1.270706297,1.345401112,1.924709178,0.461972558,1.342355542
6,45.59901064,-122.4520524,Columbia and Northwestern United States,Lower Columbia / Sandy,782300,USA,Washington,3326.790429,0.411448873,1.195067426,0.097777778,0.457270128,0.498944616,1.195067426,0.44,0.706363479
7,37.42796098,-121.893751,California,Coyote,774300,USA,California,10534.35993,1.668121673,1.938685854,0.097777778,1.363006795,1.868063741,1.938685854,0.44,1.589720463
8,45.548035,-122.930715,Columbia and Northwestern United States,Tualatin,782200,USA,Oregon,10477.83503,0.446936861,1.169237123,0.097777778,0.475994662,0.539641239,1.169237123,0.44,0.717483889
9,37.40991701,-121.947666,California,Coyote,774300,USA,California,10534.35993,1.668121673,1.938685854,0.097777778,1.363006795,1.868063741,1.938685854,0.44,1.589720463
10,37.37892199,-121.971864,California,Coyote,774300,USA,California,10534.35993,1.668121673,1.938685854,0.097777778,1.363006795,1.868063741,1.938685854,0.44,1.589720463
11,29.64383901,-95.56869201,Gulf Coast,Buffalo / San Jacinto,751500,USA,Texas,11312.965,1.682125345,1.681450668,0.097777778,1.391040117,1.654850386,1.681450668,0.44,1.431050393
12,41.72470534,-87.971577,Mississippi - Missouri,Des Plaines,742827,USA,Illinois,6395.550459,2.072503943,1.602973449,0.097777778,1.570315688,1.799417743,1.602973449,0.44,1.451189494
13,39.02844864,-76.96330207,"United States, North Atlantic Coast",Middle Potomac / Anacostia / Occoquan,731700,USA,Maryland,7148.545886,1.08742768,1.950377724,0.097777778,1.011322601,1.10652547,1.950377724,0.44,1.220668882
14,42.57815438,-70.91093297,Atlantic Ocean Seaboard,Charles,731190,USA,Massachusetts,8235.727113,1.512274699,1.924709178,0.136840104,1.270706297,1.345401112,1.924709178,0.461972558,1.342355542
15,37.401459,-121.915538,California,Coyote,774300,USA,California,10534.35993,1.668121673,1.938685854,0.097777778,1.363006795,1.868063741,1.938685854,0.44,1.589720463
16,42.703976,-71.44695702,Atlantic Ocean Seaboard,Merrimack / Concord,731180,USA,New Hampshire,9880.927788,1.170541334,1.68623453,0.4674312,1.091667382,1.021858557,1.68623453,0.64793005,1.152939705
17,37.385045,-121.94589,California,Coyote,774300,USA,California,10534.35993,1.668121673,1.938685854,0.097777778,1.363006795,1.868063741,1.938685854,0.44,1.589720463
18,37.481541,-121.937112,California,Coyote,774300,USA,California,10534.35993,1.668121673,1.938685854,0.097777778,1.363006795,1.868063741,1.938685854,0.44,1.589720463
19,35.91677407,-78.87008698,"Gulf of Mexico, North Atlantic Coast",Haw,732180,USA,North Carolina,8316.192613,2.041953746,1.10526745,0.531654451,1.573348589,1.787002255,1.10526745,0.684055629,1.33951829
20,33.10162,-96.67449,Gulf Coast,East Fork Trinity,751406,USA,Texas,3505.683641,1.988208468,1.593959564,0.097777778,1.515540916,1.833479837,1.593959564,0.44,1.46447768
21,34.426905,-119.868882,California,Santa Barbara Coastal,774170,USA,California,415.5284373,3.531966136,1.938447064,0.097777778,2.544921998,2.963781324,1.938447064,0.44,2.108669174
22,37.51344902,-121.978454,California,Coyote,774300,USA,California,10534.35993,1.668121673,1.938685854,0.097777778,1.363006795,1.868063741,1.938685854,0.44,1.589720463
23,35.90038201,-78.84273599,"Gulf of Mexico, North Atlantic Coast",Upper Neuse,732160,USA,North Carolina,4403.501485,2.176032895,1.1811141,0.552411124,1.674030244,1.826554014,1.1811141,0.695731257,1.384662935
24,38.98934002,-77.44230898,"United States, North Atlantic Coast",Middle Potomac / Catoctin,731801,USA,Virginia,1515.339436,0.541048657,1.932715426,0.097777778,0.647403845,0.629020007,1.932715426,0.44,1.000919612
25,35.91832201,-78.87483398,"Gulf of Mexico, North Atlantic Coast",Haw,732180,USA,North Carolina,8316.192613,2.041953746,1.10526745,0.531654451,1.573348589,1.787002255,1.10526745,0.684055629,1.33951829
26,33.55636246,-96.60825856,Mississippi - Missouri,Bois D Arc / Island,742250,USA,Texas,1443.775858,0.562975937,1.565399222,0.596911884,0.717121382,0.699346192,1.565399222,0.720762935,0.977345411
27,35.90243219,-78.83988062,"Gulf of Mexico, North Atlantic Coast",Upper Neuse,732160,USA,North Carolina,4403.501485,2.176032895,1.1811141,0.552411124,1.674030244,1.826554014,1.1811141,0.695731257,1.384662935
28,35.90038201,-78.84273599,"Gulf of Mexico, North Atlantic Coast",Upper Neuse,732160,USA,North Carolina,4403.501485,2.176032895,1.1811141,0.552411124,1.674030244,1.826554014,1.1811141,0.695731257,1.384662935
29,43.14246701,-75.23549617,"United States, North Atlantic Coast",Mohawk,731404,USA,New York,9037.991312,0.759447021,1.843918366,0.452219741,0.85071001,0.779132068,1.843918366,0.639373604,1.085957538
30,35.90038201,-78.84273599,"Gulf of Mexico, North Atlantic Coast",Upper Neuse,732160,USA,North Carolina,4403.501485,2.176032895,1.1811141,0.552411124,1.674030244,1.826554014,1.1811141,0.695731257,1.384662935
31,42.75317899,-73.69636043,"United States, North Atlantic Coast",Mohawk,731404,USA,New York,9037.991312,0.759447021,1.843918366,0.452219741,0.85071001,0.779132068,1.843918366,0.639373604,1.085957538
32,38.64451418,-121.4075951,California,Lower American,774440,USA,California,571.4941214,2.085381601,1.651327367,0.097777778,1.667162013,1.960402541,1.651327367,0.44,1.582494865
33,37.91817902,-122.350769,California,Suisun Bay,774300,USA,California,10534.35993,1.668121673,1.938685854,0.097777778,1.363006795,1.868063741,1.938685854,0.44,1.589720463
34,40.75803684,-73.56304056,"United States, North Atlantic Coast",Southern Long Island,731000,USA,New York,3216.211182,2.285133364,2.01721437,0.097777778,1.76577448,1.787065537,2.01721437,0.44,1.576151371
35,34.08206301,-118.1452388,California,Los Angeles,774170,USA,California,15035.97595,3.531966136,1.938447064,0.097777778,2.544921998,2.963781324,1.938447064,0.44,2.108669174
36,37.47101601,-121.936405,California,Coyote,774300,USA,California,10534.35993,1.668121673,1.938685854,0.097777778,1.363006795,1.868063741,1.938685854,0.44,1.589720463
37,37.38696602,-122.035878,California,Coyote,774300,USA,California,10534.35993,1.668121673,1.938685854,0.097777778,1.363006795,1.868063741,1.938685854,0.44,1.589720463
38,33.396019,-111.973372,"North America, Colorado",Lower Salt,772221,USA,Arizona,1682.97431,2.795283938,1.245829955,0.097777778,2.110094564,2.52850046,1.245829955,0.44,1.764213562
39,37.43288,-121.89694,California,Coyote,774300,USA,California,10534.35993,1.668121673,1.938685854,0.097777778,1.363006795,1.868063741,1.938685854,0.44,1.589720463
40,47.93479899,-122.266781,Pacific and Arctic Coast,Puget Sound,783105,USA,Washington,2083.653945,1.319817128,1.625157534,0.097777778,1.09624855,1.269283723,1.625157534,0.44,1.20707888
41,44.98757498,-93.43231203,Mississippi - Missouri,Twin Cities,742891,USA,Minnesota,1142.268969,2.037149929,1.565399222,0.097777778,1.542397402,1.821766716,1.565399222,0.44,1.449910304
42,44.98757498,-93.43231203,Mississippi - Missouri,Twin Cities,742891,USA,Minnesota,1142.268969,2.037149929,1.565399222,0.097777778,1.542397402,1.821766716,1.565399222,0.44,1.449910304
43,47.67054,-122.09697,Pacific and Arctic Coast,Lake Washington,783105,USA,Washington,2083.653945,1.319817128,1.625157534,0.097777778,1.09624855,1.269283723,1.625157534,0.44,1.20707888
44,47.67054,-122.09697,Pacific and Arctic Coast,Lake Washington,783105,USA,Washington,2083.653945,1.319817128,1.625157534,0.097777778,1.09624855,1.269283723,1.625157534,0.44,1.20707888
45,44.98757498,-93.43231203,Mississippi - Missouri,Twin Cities,742891,USA,Minnesota,1142.268969,2.037149929,1.565399222,0.097777778,1.542397402,1.821766716,1.565399222,0.44,1.449910304
46,32.95948198,-96.71139503,Gulf Coast,East Fork Trinity,751406,USA,Texas,3505.683641,1.988208468,1.593959564,0.097777778,1.515540916,1.833479837,1.593959564,0.44,1.46447768
47,34.04362999,-118.695829,California,Santa Monica Bay,774170,USA,California,415.5284373,3.531966136,1.938447064,0.097777778,2.544921998,2.963781324,1.938447064,0.44,2.108669174
48,41.07362308,-73.81466546,"United States, North Atlantic Coast",Lower Hudson / Wappinger,731401,USA,New York,3296.805918,0.463867159,2.014296578,0.162654925,0.62463951,0.592851281,2.014296578,0.476493395,1.017232347
49,41.21614499,-73.80613416,"United States, North Atlantic Coast",Lower Hudson / Wappinger,731401,USA,New York,3296.805918,0.463867159,2.014296578,0.162654925,0.62463951,0.592851281,2.014296578,0.476493395,1.017232347
50,40.63246499,-74.50336302,"United States, North Atlantic Coast",Hackensack / Passaic,731502,USA,New Jersey,2064.228244,0.711936062,1.829314434,0.097777778,0.740639615,0.942254021,1.829314434,0.44,1.116640673
51,40.15988701,-88.27142597,Mississippi - Missouri,Vermilion,742667,USA,Illinois,6422.680744,1.351464239,1.565399222,0.382976164,1.170176854,1.30405901,1.565399222,0.600424092,1.238453831
52,40.15988701,-88.27142597,Mississippi - Missouri,Vermilion,742667,USA,Illinois,6422.680744,1.351464239,1.565399222,0.382976164,1.170176854,1.30405901,1.565399222,0.600424092,1.238453831
53,34.436404,-119.846489,California,Santa Barbara Coastal,774170,USA,California,15035.97595,3.531966136,1.938447064,0.097777778,2.544921998,2.963781324,1.938447064,0.44,2.108669174
54,34.436404,-119.846489,California,Santa Barbara Coastal,774170,USA,California,15035.97595,3.531966136,1.938447064,0.097777778,2.544921998,2.963781324,1.938447064,0.44,2.108669174
55,33.382946,-111.843676,"North America, Colorado",Middle Gila,772250,USA,Arizona,2860.161164,3.094675105,1.245829955,0.097777778,2.317835374,2.764372231,1.245829955,0.44,1.887765442
56,30.21740501,-97.72413303,Gulf Coast,Lower Colorado,751810,USA,Texas,7711.281217,1.807243125,1.244503374,0.187627821,1.369365655,1.670295758,1.244503374,0.490540649,1.287465509
57,33.499203,-117.164529,California,Santa Margarita,774150,USA,California,8993.339011,3.836317844,1.928330292,0.097777778,2.736445017,3.482726523,1.928330292,0.44,2.351290551
58,37.36765901,-121.964214,California,Coyote,774300,USA,California,10534.35993,1.668121673,1.938685854,0.097777778,1.363006795,1.868063741,1.938685854,0.44,1.589720463
59,33.81612099,-118.345003,California,Santa Monica Bay,774170,USA,California,15035.97595,3.531966136,1.938447064,0.097777778,2.544921998,2.963781324,1.938447064,0.44,2.108669174
60,42.81239,-73.94122,"United States, North Atlantic Coast",Mohawk,731404,USA,New York,9037.991312,0.759447021,1.843918366,0.452219741,0.85071001,0.779132068,1.843918366,0.639373604,1.085957538
61,42.82633989,-73.87881753,"United States, North Atlantic Coast",Mohawk,731404,USA,New York,9037.991312,0.759447021,1.843918366,0.452219741,0.85071001,0.779132068,1.843918366,0.639373604,1.085957538
62,38.97062499,-77.49061699,"United States, North Atlantic Coast",Middle Potomac / Catoctin,731801,USA,Virginia,1515.339436,0.541048657,1.932715426,0.097777778,0.647403845,0.629020007,1.932715426,0.44,1.000919612
63,44.47895502,-73.10072101,St Lawrence,Winooski,725306,USA,Vermont,12033.61954,0.444700174,1.648920793,0.430926071,0.617903998,0.589029332,1.648920793,0.627395915,0.931809074
64,41.54446124,-73.8713035,"United States, North Atlantic Coast",Lower Hudson / Wappinger,731401,USA,New York,3296.805918,0.463867159,2.014296578,0.162654925,0.62463951,0.592851281,2.014296578,0.476493395,1.017232347
65,48.36098,-107.87406,Mississippi - Missouri,Middle Milk,742994,USA,Montana,37920.65384,3.719796738,1.556205358,0.614191867,2.721455467,3.120998249,1.556205358,0.730482925,2.123586742
66,48.36098,-107.87406,Mississippi - Missouri,Middle Milk,742994,USA,Montana,37920.65384,3.719796738,1.556205358,0.614191867,2.721455467,3.120998249,1.556205358,0.730482925,2.123586742
67,42.95731775,-73.76050856,"United States, North Atlantic Coast",Hudson / Hoosic,731405,USA,New York,396.639782,0.410828305,1.819700917,0.536741375,0.644644239,0.569327661,1.819700917,0.686917024,0.988938029
68,42.77772301,-71.25087496,Atlantic Ocean Seaboard,Merrimack / Concord,731180,USA,New Hampshire,9880.927788,1.170541334,1.68623453,0.4674312,1.091667382,1.021858557,1.68623453,0.64793005,1.152939705
69,37.42597099,-121.891222,California,Coyote,774300,USA,California,10534.35993,1.668121673,1.938685854,0.097777778,1.363006795,1.868063741,1.938685854,0.44,1.589720463
70,44.584293,-123.243294,Columbia and Northwestern United States,Upper Willamette,782200,USA,Oregon,10477.83503,0.446936861,1.169237123,0.097777778,0.475994662,0.539641239,1.169237123,0.44,0.717483889
71,44.584293,-123.243294,Columbia and Northwestern United States,Upper Willamette,782200,USA,Oregon,10477.83503,0.446936861,1.169237123,0.097777778,0.475994662,0.539641239,1.169237123,0.44,0.717483889
72,35.83862499,-78.81228898,"Gulf of Mexico, North Atlantic Coast",Upper Neuse,732160,USA,North Carolina,4403.501485,2.176032895,1.1811141,0.552411124,1.674030244,1.826554014,1.1811141,0.695731257,1.384662935
73,28.289403,-81.37789499,"Gulf of Mexico, North Atlantic Coast",Kissimmee,732574,USA,Florida,17089.88941,1.692017189,0.908679083,0.220171999,1.325759325,1.617872047,0.908679083,0.50884675,1.204002572
74,37.70450599,-121.803679,California,San Francisco Bay,774300,USA,California,10534.35993,1.668121673,1.938685854,0.097777778,1.363006795,1.868063741,1.938685854,0.44,1.589720463
75,40.52634201,-105.012712,Mississippi - Missouri,Cache La Poudre,742946,USA,Colorado,24619.46537,2.945845521,1.565399222,0.097777778,2.253696797,2.509976724,1.565399222,0.44,1.845816157
76,40.54458401,-75.65557799,"United States, North Atlantic Coast",Lehigh,731506,USA,Pennsylvania,10759.60907,1.630936951,1.931139332,0.142389618,1.348114714,1.396664985,1.931139332,0.46509416,1.369326184
77,40.52634201,-105.012712,Mississippi - Missouri,Cache La Poudre,742946,USA,Colorado,24619.46537,2.945845521,1.565399222,0.097777778,2.253696797,2.509976724,1.565399222,0.44,1.845816157
78,40.52660298,-105.017509,Mississippi - Missouri,Cache La Poudre,742946,USA,Colorado,24619.46537,2.945845521,1.565399222,0.097777778,2.253696797,2.509976724,1.565399222,0.44,1.845816157
79,40.52660298,-105.017509,Mississippi - Missouri,Cache La Poudre,742946,USA,Colorado,24619.46537,2.945845521,1.565399222,0.097777778,2.253696797,2.509976724,1.565399222,0.44,1.845816157
80,40.86634709,-72.87202057,"United States, North Atlantic Coast",Southern Long Island,731000,USA,New York,3216.211182,2.285133364,2.01721437,0.097777778,1.76577448,1.787065537,2.01721437,0.44,1.576151371
81,37.470093,-121.920123,California,Coyote,774300,USA,California,10534.35993,1.668121673,1.938685854,0.097777778,1.363006795,1.868063741,1.938685854,0.44,1.589720463
82,43.12398198,-89.33193,Mississippi - Missouri,Upper Rock,742872,USA,Wisconsin,12848.27017,2.235783393,1.59468329,0.343688168,1.72662589,2.066492346,1.59468329,0.578324595,1.604201539
83,37.144331,-121.653182,California,Pajaro,774300,USA,California,10534.35993,1.668121673,1.938685854,0.097777778,1.363006795,1.868063741,1.938685854,0.44,1.589720463
84,42.72770098,-71.43321204,Atlantic Ocean Seaboard,Merrimack / Concord,731180,USA,New Hampshire,9880.927788,1.170541334,1.68623453,0.4674312,1.091667382,1.021858557,1.68623453,0.64793005,1.152939705
85,45.50212698,-122.824626,Columbia and Northwestern United States,Tualatin,782200,USA,Oregon,10477.83503,0.446936861,1.169237123,0.097777778,0.475994662,0.539641239,1.169237123,0.44,0.717483889
86,33.74534001,-118.03771,California,Seal Beach,774170,USA,California,15035.97595,3.531966136,1.938447064,0.097777778,2.544921998,2.963781324,1.938447064,0.44,2.108669174
87,33.74534001,-118.03771,California,Seal Beach,774170,USA,California,15035.97595,3.531966136,1.938447064,0.097777778,2.544921998,2.963781324,1.938447064,0.44,2.108669174
88,33.77606797,-84.3977486,"Gulf of Mexico, North Atlantic Coast",Chattahoochee,732609,USA,Georgia,10665.48016,1.432838205,1.209946884,0.292813818,1.149970707,1.175066712,1.209946884,0.549707772,1.05442699
89,33.74534001,-118.03771,California,Seal Beach,774170,USA,California,15035.97595,3.531966136,1.938447064,0.097777778,2.544921998,2.963781324,1.938447064,0.44,2.108669174
90,37.40311501,-121.916318,California,Coyote,774300,USA,California,10534.35993,1.668121673,1.938685854,0.097777778,1.363006795,1.868063741,1.938685854,0.44,1.589720463
91,33.417289,-111.972104,"North America, Colorado",Lower Salt,772221,USA,Arizona,1682.97431,2.795283938,1.245829955,0.097777778,2.110094564,2.52850046,1.245829955,0.44,1.764213562
92,35.92311207,-78.86506795,"Gulf of Mexico, North Atlantic Coast",Haw,732180,USA,North Carolina,8316.192613,2.041953746,1.10526745,0.531654451,1.573348589,1.787002255,1.10526745,0.684055629,1.33951829
93,37.37774898,-121.917685,California,Coyote,774300,USA,California,10534.35993,1.668121673,1.938685854,0.097777778,1.363006795,1.868063741,1.938685854,0.44,1.589720463
94,45.52835002,-122.93004,Columbia and Northwestern United States,Tualatin,782200,USA,Oregon,10477.83503,0.446936861,1.169237123,0.097777778,0.475994662,0.539641239,1.169237123,0.44,0.717483889
95,45.52835002,-122.93004,Columbia and Northwestern United States,Tualatin,782200,USA,Oregon,10477.83503,0.446936861,1.169237123,0.097777778,0.475994662,0.539641239,1.169237123,0.44,0.717483889
96,35.22947801,-106.657338,RÃ­o Grande - Bravo,Grande / Albuquerque,752195,USA,New Mexico,5666.714272,2.024685086,1.256368742,0.333256111,1.54095926,1.811689712,1.256368742,0.572456562,1.375434006
97,45.52835002,-122.93004,Columbia and Northwestern United States,Tualatin,782200,USA,Oregon,10477.83503,0.446936861,1.169237123,0.097777778,0.475994662,0.539641239,1.169237123,0.44,0.717483889
98,33.24046198,-111.881664,"North America, Colorado",Middle Gila,772250,USA,Arizona,2860.161164,3.094675105,1.245829955,0.097777778,2.317835374,2.764372231,1.245829955,0.44,1.887765442
99,45.52835002,-122.93004,Columbia and Northwestern United States,Tualatin,782200,USA,Oregon,10477.83503,0.446936861,1.169237123,0.097777778,0.475994662,0.539641239,1.169237123,0.44,0.717483889
100,33.30711002,-111.931524,"North America, Colorado",Middle Gila,772250,USA,Arizona,2860.161164,3.094675105,1.245829955,0.097777778,2.317835374,2.764372231,1.245829955,0.44,1.887765442
101,45.52835002,-122.93004,Columbia and Northwestern United States,Tualatin,782200,USA,Oregon,10477.83503,0.446936861,1.169237123,0.097777778,0.475994662,0.539641239,1.169237123,0.44,0.717483889
102,33.24046198,-111.881664,"North America, Colorado",Middle Gila,772250,USA,Arizona,2860.161164,3.094675105,1.245829955,0.097777778,2.317835374,2.764372231,1.245829955,0.44,1.887765442
103,35.22947801,-106.657338,RÃ­o Grande - Bravo,Grande / Albuquerque,752195,USA,New Mexico,5666.714272,2.024685086,1.256368742,0.333256111,1.54095926,1.811689712,1.256368742,0.572456562,1.375434006
104,45.52835002,-122.93004,Columbia and Northwestern United States,Tualatin,782200,USA,Oregon,10477.83503,0.446936861,1.169237123,0.097777778,0.475994662,0.539641239,1.169237123,0.44,0.717483889
105,32.96749198,-96.70413999,Gulf Coast,East Fork Trinity,751406,USA,Texas,3505.683641,1.988208468,1.593959564,0.097777778,1.515540916,1.833479837,1.593959564,0.44,1.46447768
106,33.10162,-96.67449,Gulf Coast,East Fork Trinity,751406,USA,Texas,3505.683641,1.988208468,1.593959564,0.097777778,1.515540916,1.833479837,1.593959564,0.44,1.46447768
107,33.08099598,-96.68036799,Gulf Coast,East Fork Trinity,751406,USA,Texas,3505.683641,1.988208468,1.593959564,0.097777778,1.515540916,1.833479837,1.593959564,0.44,1.46447768
108,42.08137536,-71.88107908,Atlantic Ocean Seaboard,Quinebaug,731190,USA,Massachusetts,8235.727113,1.512274699,1.924709178,0.136840104,1.270706297,1.345401112,1.924709178,0.461972558,1.342355542
109,40.61360299,-75.37788403,"United States, North Atlantic Coast",Lehigh,731506,USA,Pennsylvania,10759.60907,1.630936951,1.931139332,0.142389618,1.348114714,1.396664985,1.931139332,0.46509416,1.369326184
110,40.53791101,-74.53918803,"United States, North Atlantic Coast",Raritan,731504,USA,New Jersey,1708.524898,2.097082295,1.933019239,0.180676292,1.652398579,1.73182595,1.933019239,0.486630414,1.533214244
111,36.06997,-79.952102,"Gulf of Mexico, North Atlantic Coast",Deep,732180,USA,North Carolina,8316.192613,2.041953746,1.10526745,0.531654451,1.573348589,1.787002255,1.10526745,0.684055629,1.33951829
112,42.24060806,-83.57089107,St Lawrence,Huron,725572,USA,Michigan,2062.767827,1.984246195,1.658017978,0.412445544,1.591476069,1.677546248,1.658017978,0.617000618,1.448106662
113,37.50573,-121.954731,California,Coyote,774300,USA,California,10534.35993,1.668121673,1.938685854,0.097777778,1.363006795,1.868063741,1.938685854,0.44,1.589720463
114,42.57890007,-70.91018874,Atlantic Ocean Seaboard,Charles,731190,USA,Massachusetts,8235.727113,1.512274699,1.924709178,0.136840104,1.270706297,1.345401112,1.924709178,0.461972558,1.342355542
115,34.775276,-86.66199796,Mississippi - Missouri,Wheeler Lake,742623,USA,Alabama,17662.70381,0.645759345,1.428964568,0.575364144,0.744922139,0.729551858,1.428964568,0.708642331,0.946017024
116,42.57045099,-70.88128098,Atlantic Ocean Seaboard,Charles,731190,USA,Massachusetts,8235.727113,1.512274699,1.924709178,0.136840104,1.270706297,1.345401112,1.924709178,0.461972558,1.342355542
117,33.78982399,-118.002308,California,Seal Beach,774170,USA,California,15035.97595,3.531966136,1.938447064,0.097777778,2.544921998,2.963781324,1.938447064,0.44,2.108669174
118,42.6288252,-71.36040775,Atlantic Ocean Seaboard,Merrimack / Concord,731180,USA,Massachusetts,3158.112759,1.170541334,1.68623453,0.4674312,1.091667382,1.021858557,1.68623453,0.64793005,1.152939705
119,45.52203798,-122.446392,Columbia and Northwestern United States,Lower Columbia / Sandy,782300,USA,Oregon,3092.505584,0.411448873,1.195067426,0.097777778,0.457270128,0.498944616,1.195067426,0.44,0.706363479
120,42.71301584,-71.17869194,Atlantic Ocean Seaboard,Merrimack / Concord,731180,USA,Massachusetts,3158.112759,1.170541334,1.68623453,0.4674312,1.091667382,1.021858557,1.68623453,0.64793005,1.152939705
121,37.37579499,-121.980853,California,Coyote,774300,USA,California,10534.35993,1.668121673,1.938685854,0.097777778,1.363006795,1.868063741,1.938685854,0.44,1.589720463
122,33.41660801,-111.972025,"North America, Colorado",Lower Salt,772221,USA,Arizona,1682.97431,2.795283938,1.245829955,0.097777778,2.110094564,2.52850046,1.245829955,0.44,1.764213562
123,38.789819,-104.806221,Mississippi - Missouri,Fountain,742499,USA,Colorado,35217.62327,2.391895576,1.561660083,0.304971233,1.906921453,2.040802333,1.561660083,0.556546319,1.621189116
124,34.21433801,-118.47562,California,Los Angeles,774170,USA,California,15035.97595,3.531966136,1.938447064,0.097777778,2.544921998,2.963781324,1.938447064,0.44,2.108669174
125,43.53787307,-116.1542917,Columbia and Northwestern United States,Lower Boise,782940,USA,Idaho,10125.02195,2.903482978,1.195067426,0.400942743,2.234638989,2.442333794,1.195067426,0.610530293,1.737057022
126,38.750242,-77.50564398,"United States, North Atlantic Coast",Middle Potomac / Anacostia / Occoquan,731901,USA,Virginia,1186.350072,2.03537188,1.224317632,0.097777778,1.491355479,1.776862124,1.224317632,0.44,1.320929732
127,38.750242,-77.50564398,"United States, North Atlantic Coast",Middle Potomac / Anacostia / Occoquan,731901,USA,Virginia,1186.350072,2.03537188,1.224317632,0.097777778,1.491355479,1.776862124,1.224317632,0.44,1.320929732
128,43.53787307,-116.1542917,Columbia and Northwestern United States,Lower Boise,782940,USA,Idaho,10125.02195,2.903482978,1.195067426,0.400942743,2.234638989,2.442333794,1.195067426,0.610530293,1.737057022
129,40.43175587,-111.8254039,Great Basin,Jordan,773816,USA,Utah,9130.933488,2.025242905,1.228779,0.097777778,1.485585111,1.84708753,1.228779,0.44,1.355603251
130,43.53787307,-116.1542917,Columbia and Northwestern United States,Lower Boise,782940,USA,Idaho,10125.02195,2.903482978,1.195067426,0.400942743,2.234638989,2.442333794,1.195067426,0.610530293,1.737057022
131,40.43175587,-111.8254039,Great Basin,Jordan,773816,USA,Utah,9130.933488,2.025242905,1.228779,0.097777778,1.485585111,1.84708753,1.228779,0.44,1.355603251
132,38.750242,-77.50564398,"United States, North Atlantic Coast",Middle Potomac / Anacostia / Occoquan,731901,USA,Virginia,1186.350072,2.03537188,1.224317632,0.097777778,1.491355479,1.776862124,1.224317632,0.44,1.320929732
133,32.91489801,-96.619567,Gulf Coast,East Fork Trinity,751406,USA,Texas,3505.683641,1.988208468,1.593959564,0.097777778,1.515540916,1.833479837,1.593959564,0.44,1.46447768
134,34.27633702,-118.785539,California,Calleguas,774170,USA,California,15035.97595,3.531966136,1.938447064,0.097777778,2.544921998,2.963781324,1.938447064,0.44,2.108669174
135,41.656636,-83.54338298,St Lawrence,Lower Maunee,725560,USA,Ohio,10013.05092,0.570582283,1.650350173,0.354645834,0.681196412,0.717891608,1.650350173,0.584488281,0.984267296
136,35.92784301,-78.839661,"Gulf of Mexico, North Atlantic Coast",Upper Neuse,732160,USA,North Carolina,4403.501485,2.176032895,1.1811141,0.552411124,1.674030244,1.826554014,1.1811141,0.695731257,1.384662935
137,37.264442,-121.954942,California,Coyote,774300,USA,California,10534.35993,1.668121673,1.938685854,0.097777778,1.363006795,1.868063741,1.938685854,0.44,1.589720463
138,39.291315,-76.60412,"United States, North Atlantic Coast",Gunpowder / Patapsco,731700,USA,Maryland,7148.545886,1.08742768,1.950377724,0.097777778,1.011322601,1.10652547,1.950377724,0.44,1.220668882
139,33.892163,-118.3772,California,Los Angeles,774170,USA,California,15035.97595,3.531966136,1.938447064,0.097777778,2.544921998,2.963781324,1.938447064,0.44,2.108669174
140,33.892163,-118.3772,California,Los Angeles,774170,USA,California,15035.97595,3.531966136,1.938447064,0.097777778,2.544921998,2.963781324,1.938447064,0.44,2.108669174
141,39.291315,-76.60412,"United States, North Atlantic Coast",Gunpowder / Patapsco,731700,USA,Maryland,7148.545886,1.08742768,1.950377724,0.097777778,1.011322601,1.10652547,1.950377724,0.44,1.220668882
142,37.19265099,-80.38871701,"Gulf of Mexico, North Atlantic Coast",Upper Roanoke,732140,USA,Virginia,637.3942022,1.678140112,1.121967116,0.616378422,1.363679303,1.44042606,1.121967116,0.731712863,1.1906573
143,35.92784301,-78.839661,"Gulf of Mexico, North Atlantic Coast",Upper Neuse,732160,USA,North Carolina,4403.501485,2.176032895,1.1811141,0.552411124,1.674030244,1.826554014,1.1811141,0.695731257,1.384662935
144,44.86698102,-93.42204998,Mississippi - Missouri,Lower Minnesota,742881,USA,Minnesota,5255.134551,1.019251723,1.565399222,0.175176362,0.913890912,1.061805138,1.565399222,0.483536703,1.099094125
145,30.23774832,-97.86393955,Gulf Coast,Lower Colorado,751810,USA,Texas,7711.281217,1.807243125,1.244503374,0.187627821,1.369365655,1.670295758,1.244503374,0.490540649,1.287465509
146,33.325579,-111.861689,"North America, Colorado",Middle Gila,772250,USA,Arizona,2860.161164,3.094675105,1.245829955,0.097777778,2.317835374,2.764372231,1.245829955,0.44,1.887765442
147,33.325579,-111.861689,"North America, Colorado",Middle Gila,772250,USA,Arizona,2860.161164,3.094675105,1.245829955,0.097777778,2.317835374,2.764372231,1.245829955,0.44,1.887765442
148,30.2701471,-97.66904646,Gulf Coast,Lower Colorado,751810,USA,Texas,7711.281217,1.807243125,1.244503374,0.187627821,1.369365655,1.670295758,1.244503374,0.490540649,1.287465509
149,33.325579,-111.861689,"North America, Colorado",Middle Gila,772250,USA,Arizona,2860.161164,3.094675105,1.245829955,0.097777778,2.317835374,2.764372231,1.245829955,0.44,1.887765442
150,42.48665953,-76.46650432,St Lawrence,Seneca,725540,USA,New York,13679.98758,0.442081274,1.664533905,0.550714068,0.644823004,0.598815885,1.664533905,0.694776663,0.955560687
151,37.411433,-122.023226,California,Coyote,774300,USA,California,10534.35993,1.668121673,1.938685854,0.097777778,1.363006795,1.868063741,1.938685854,0.44,1.589720463
152,43.16926333,-77.62675168,St Lawrence,Genesee,725552,USA,New York,6624.827343,0.44898354,1.609925086,0.351314874,0.597437962,0.608104721,1.609925086,0.582614617,0.919102709
153,43.59671445,-116.5341894,Columbia and Northwestern United States,Lower Boise,782940,USA,Idaho,10125.02195,2.903482978,1.195067426,0.400942743,2.234638989,2.442333794,1.195067426,0.610530293,1.737057022
154,43.64063608,-70.32559223,Atlantic Ocean Seaboard,Presumpscot,731150,USA,Maine,2614.675598,0.963602207,1.044306905,0.450557686,0.862793122,0.958214808,1.044306905,0.638438699,0.9180805
155,42.86619001,-112.414345,Columbia and Northwestern United States,Portneuf,782995,USA,Idaho,13381.02107,3.026762683,1.198705486,0.680185033,2.371914886,2.69929806,1.198705486,0.767604081,1.902615615
156,41.14167345,-75.89369426,"United States, North Atlantic Coast",Upper Susquehanna / Tunkhannock / Lackawanna,731605,USA,Pennsylvania,6451.796938,0.612425945,1.63527832,0.432432196,0.722600835,0.770304901,1.63527832,0.62824311,1.013546656
157,45.52587199,-122.423988,Columbia and Northwestern United States,Lower Columbia / Sandy,782300,USA,Oregon,3092.505584,0.411448873,1.195067426,0.097777778,0.457270128,0.498944616,1.195067426,0.44,0.706363479
158,37.37582701,-121.959056,California,Coyote,774300,USA,California,10534.35993,1.668121673,1.938685854,0.097777778,1.363006795,1.868063741,1.938685854,0.44,1.589720463
159,34.188545,-118.926242,California,Calleguas,774170,USA,California,15035.97595,3.531966136,1.938447064,0.097777778,2.544921998,2.963781324,1.938447064,0.44,2.108669174
160,33.11651507,-117.3160132,California,San Luis Rey / Escondido,774150,USA,California,8993.339011,3.836317844,1.928330292,0.097777778,2.736445017,3.482726523,1.928330292,0.44,2.351290551
161,33.39464802,-111.975226,"North America, Colorado",Lower Salt,772221,USA,Arizona,1682.97431,2.795283938,1.245829955,0.097777778,2.110094564,2.52850046,1.245829955,0.44,1.764213562
162,38.69194201,-90.40336396,Mississippi - Missouri,Lower Missouri,742911,USA,Missouri,2497.013081,0.563586378,1.565399222,0.097777778,0.607942467,0.697338051,1.565399222,0.44,0.917286199
163,44.85398798,-93.23114702,Mississippi - Missouri,Lower Minnesota,742881,USA,Minnesota,5255.134551,1.019251723,1.565399222,0.175176362,0.913890912,1.061805138,1.565399222,0.483536703,1.099094125
164,44.85398798,-93.23114702,Mississippi - Missouri,Lower Minnesota,742881,USA,Minnesota,5255.134551,1.019251723,1.565399222,0.175176362,0.913890912,1.061805138,1.565399222,0.483536703,1.099094125
165,44.85398798,-93.23114702,Mississippi - Missouri,Lower Minnesota,742881,USA,Minnesota,5255.134551,1.019251723,1.565399222,0.175176362,0.913890912,1.061805138,1.565399222,0.483536703,1.099094125
166,40.23086128,-79.5732612,Mississippi - Missouri,Youghiogheny,742698,USA,Pennsylvania,7083.867389,1.421280801,1.508361177,0.454224264,1.221743568,1.208184322,1.508361177,0.640501149,1.183464766
167,45.54013598,-122.935916,Columbia and Northwestern United States,Tualatin,782200,USA,Oregon,10477.83503,0.446936861,1.169237123,0.097777778,0.475994662,0.539641239,1.169237123,0.44,0.717483889
168,28.65008911,-81.46578431,"Gulf of Mexico, North Atlantic Coast",Upper St Johns,732560,USA,Florida,18499.73188,2.030195994,1.037254954,0.177798133,1.568375035,1.903052337,1.037254954,0.48501145,1.38557863
169,35.34355701,-80.84519403,"Gulf of Mexico, North Atlantic Coast",Upper Catawba,732409,USA,North Carolina,5488.78413,1.715376856,1.203074785,0.655140222,1.40767095,1.445980461,1.203074785,0.753516375,1.223491493
170,32.99958599,-96.72684698,Gulf Coast,East Fork Trinity,751406,USA,Texas,3505.683641,1.988208468,1.593959564,0.097777778,1.515540916,1.833479837,1.593959564,0.44,1.46447768
171,36.07635399,-79.96528304,"Gulf of Mexico, North Atlantic Coast",Deep,732180,USA,North Carolina,8316.192613,2.041953746,1.10526745,0.531654451,1.573348589,1.787002255,1.10526745,0.684055629,1.33951829
172,44.09228601,-121.308271,Columbia and Northwestern United States,Upper Deschutes,782400,USA,Oregon,6258.965973,1.46165965,1.185896795,0.698570119,1.253796652,1.422693242,1.185896795,0.777945692,1.21217909
173,32.94981999,-96.83536304,Gulf Coast,Elm Fork Trinity,751408,USA,Texas,5459.344224,2.006827297,1.597845393,0.097777778,1.527916636,1.811680454,1.597845393,0.44,1.45537876
174,32.99958599,-96.72684698,Gulf Coast,East Fork Trinity,751406,USA,Texas,3505.683641,1.988208468,1.593959564,0.097777778,1.515540916,1.833479837,1.593959564,0.44,1.46447768
175,37.39166801,-121.923623,California,Coyote,774300,USA,California,10534.35993,1.668121673,1.938685854,0.097777778,1.363006795,1.868063741,1.938685854,0.44,1.589720463
176,42.42368095,-71.25111311,Atlantic Ocean Seaboard,Charles,731190,USA,Massachusetts,8235.727113,1.512274699,1.924709178,0.136840104,1.270706297,1.345401112,1.924709178,0.461972558,1.342355542
177,40.76169001,-111.827531,Great Basin,Jordan,773816,USA,Utah,3272.024439,1.816972692,1.228779,0.097777778,1.42917848,1.718543343,1.228779,0.44,1.335078608
178,42.33995502,-71.62946156,Atlantic Ocean Seaboard,Merrimack / Concord,731180,USA,Massachusetts,3158.112759,1.170541334,1.68623453,0.4674312,1.091667382,1.021858557,1.68623453,0.64793005,1.152939705
179,42.63804312,-71.18653891,Atlantic Ocean Seaboard,Merrimack / Concord,731180,USA,Massachusetts,3158.112759,1.170541334,1.68623453,0.4674312,1.091667382,1.021858557,1.68623453,0.64793005,1.152939705
180,42.37111454,-71.21417245,Atlantic Ocean Seaboard,Charles,731190,USA,Massachusetts,8235.727113,1.512274699,1.924709178,0.136840104,1.270706297,1.345401112,1.924709178,0.461972558,1.342355542
181,37.37695098,-121.996801,California,Coyote,774300,USA,California,10534.35993,1.668121673,1.938685854,0.097777778,1.363006795,1.868063741,1.938685854,0.44,1.589720463
182,37.429151,-121.892904,California,Coyote,774300,USA,California,10534.35993,1.668121673,1.938685854,0.097777778,1.363006795,1.868063741,1.938685854,0.44,1.589720463
183,34.41938,-119.69905,California,Santa Barbara Coastal,774170,USA,California,415.5284373,3.531966136,1.938447064,0.097777778,2.544921998,2.963781324,1.938447064,0.44,2.108669174
184,38.99080555,-76.85121146,"United States, North Atlantic Coast",Middle Potomac / Anacostia / Occoquan,731700,USA,Maryland,7148.545886,1.08742768,1.950377724,0.097777778,1.011322601,1.10652547,1.950377724,0.44,1.220668882
185,37.39625601,-121.930997,California,Coyote,774300,USA,California,10534.35993,1.668121673,1.938685854,0.097777778,1.363006795,1.868063741,1.938685854,0.44,1.589720463
186,40.74282281,-74.17625934,"United States, North Atlantic Coast",Hackensack / Passaic,731502,USA,New Jersey,2064.228244,0.711936062,1.829314434,0.097777778,0.740639615,0.942254021,1.829314434,0.44,1.116640673
187,43.1028893,-76.04634743,St Lawrence,Seneca,725540,USA,New York,13679.98758,0.442081274,1.664533905,0.550714068,0.644823004,0.598815885,1.664533905,0.694776663,0.955560687
188,37.39695498,-121.922422,California,Coyote,774300,USA,California,10534.35993,1.668121673,1.938685854,0.097777778,1.363006795,1.868063741,1.938685854,0.44,1.589720463
189,38.47996795,-122.7105725,California,Russian,774500,USA,California,4140.073036,2.109275776,1.937178037,0.148616089,1.653702029,2.075394816,1.937178037,0.46859655,1.693474093
190,41.94654478,-71.13411363,Atlantic Ocean Seaboard,Narragansett,731190,USA,Massachusetts,8235.727113,1.512274699,1.924709178,0.136840104,1.270706297,1.345401112,1.924709178,0.461972558,1.342355542
191,41.95963375,-71.12752679,Atlantic Ocean Seaboard,Narragansett,731190,USA,Massachusetts,8235.727113,1.512274699,1.924709178,0.136840104,1.270706297,1.345401112,1.924709178,0.461972558,1.342355542
192,40.86555399,-73.99386996,"United States, North Atlantic Coast",Hackensack / Passaic,731501,USA,New Jersey,353.1159636,1.442796636,1.992744457,0.097777778,1.228028763,1.503344093,1.992744457,0.44,1.434029662
193,32.34785698,-111.079453,"North America, Colorado",Upper Santa Cruz,772240,USA,Arizona,2635.174763,3.335549368,1.290098756,0.332690978,2.53354061,2.921646281,1.290098756,0.572138675,2.007964587
194,37.689675,-121.77668,California,San Francisco Bay,774300,USA,California,10534.35993,1.668121673,1.938685854,0.097777778,1.363006795,1.868063741,1.938685854,0.44,1.589720463
195,37.47846199,-121.947605,California,Coyote,774300,USA,California,10534.35993,1.668121673,1.938685854,0.097777778,1.363006795,1.868063741,1.938685854,0.44,1.589720463
196,42.57082344,-71.37993071,Atlantic Ocean Seaboard,Merrimack / Concord,731180,USA,Massachusetts,3158.112759,1.170541334,1.68623453,0.4674312,1.091667382,1.021858557,1.68623453,0.64793005,1.152939705
197,33.63051909,-117.8737213,California,Newport Bay,774150,USA,California,8993.339011,3.836317844,1.928330292,0.097777778,2.736445017,3.482726523,1.928330292,0.44,2.351290551
198,28.44444398,-81.459395,"Gulf of Mexico, North Atlantic Coast",Kissimmee,732574,USA,Florida,17089.88941,1.692017189,0.908679083,0.220171999,1.325759325,1.617872047,0.908679083,0.50884675,1.204002572
199,28.44444398,-81.459395,"Gulf of Mexico, North Atlantic Coast",Kissimmee,732574,USA,Florida,17089.88941,1.692017189,0.908679083,0.220171999,1.325759325,1.617872047,0.908679083,0.50884675,1.204002572
200,37.414079,-121.948479,California,Coyote,774300,USA,California,10534.35993,1.668121673,1.938685854,0.097777778,1.363006795,1.868063741,1.938685854,0.44,1.589720463
201,37.39293402,-121.885132,California,Coyote,774300,USA,California,10534.35993,1.668121673,1.938685854,0.097777778,1.363006795,1.868063741,1.938685854,0.44,1.589720463
202,37.37902802,-121.93282,California,Coyote,774300,USA,California,10534.35993,1.668121673,1.938685854,0.097777778,1.363006795,1.868063741,1.938685854,0.44,1.589720463
203,42.63612349,-71.31626119,Atlantic Ocean Seaboard,Merrimack / Concord,731180,USA,Massachusetts,3158.112759,1.170541334,1.68623453,0.4674312,1.091667382,1.021858557,1.68623453,0.64793005,1.152939705
204,32.929213,-96.75335098,Gulf Coast,Upper Trinity,751407,USA,Texas,1277.914931,1.325941703,1.753212409,0.097777778,1.118872164,1.274423913,1.753212409,0.44,1.249952088
205,33.69888166,-96.59621835,Mississippi - Missouri,Bois D Arc / Island,742250,USA,Texas,1443.775858,0.562975937,1.565399222,0.596911884,0.717121382,0.699346192,1.565399222,0.720762935,0.977345411
206,32.929213,-96.75335098,Gulf Coast,Upper Trinity,751407,USA,Texas,1277.914931,1.325941703,1.753212409,0.097777778,1.118872164,1.274423913,1.753212409,0.44,1.249952088
207,43.64236686,-70.32269804,Atlantic Ocean Seaboard,Presumpscot,731150,USA,Maine,2614.675598,0.963602207,1.044306905,0.450557686,0.862793122,0.958214808,1.044306905,0.638438699,0.9180805
208,32.929213,-96.75335098,Gulf Coast,Upper Trinity,751407,USA,Texas,1277.914931,1.325941703,1.753212409,0.097777778,1.118872164,1.274423913,1.753212409,0.44,1.249952088
209,32.929213,-96.75335098,Gulf Coast,Upper Trinity,751407,USA,Texas,1277.914931,1.325941703,1.753212409,0.097777778,1.118872164,1.274423913,1.753212409,0.44,1.249952088
210,32.99995601,-96.72019703,Gulf Coast,East Fork Trinity,751406,USA,Texas,3505.683641,1.988208468,1.593959564,0.097777778,1.515540916,1.833479837,1.593959564,0.44,1.46447768
211,32.99764998,-96.72224004,Gulf Coast,East Fork Trinity,751406,USA,Texas,3505.683641,1.988208468,1.593959564,0.097777778,1.515540916,1.833479837,1.593959564,0.44,1.46447768
212,37.44572198,-121.91818,California,Coyote,774300,USA,California,10534.35993,1.668121673,1.938685854,0.097777778,1.363006795,1.868063741,1.938685854,0.44,1.589720463
213,39.143496,-76.806822,"United States, North Atlantic Coast",Patuxent,731700,USA,Maryland,7148.545886,1.08742768,1.950377724,0.097777778,1.011322601,1.10652547,1.950377724,0.44,1.220668882
214,44.99381559,-93.27599344,Mississippi - Missouri,Twin Cities,742891,USA,Minnesota,1142.268969,2.037149929,1.565399222,0.097777778,1.542397402,1.821766716,1.565399222,0.44,1.449910304
215,29.47157633,-98.67406024,Gulf Coast,Medina / Upper San Antonio,751940,USA,Texas,10063.86399,2.309407818,1.34417627,0.281648611,1.723036546,2.04300098,1.34417627,0.543427344,1.50661978
216,33.66301602,-117.859702,California,Newport Bay,774150,USA,California,8993.339011,3.836317844,1.928330292,0.097777778,2.736445017,3.482726523,1.928330292,0.44,2.351290551
217,34.4328172,-119.8611612,California,Santa Barbara Coastal,774170,USA,California,415.5284373,3.531966136,1.938447064,0.097777778,2.544921998,2.963781324,1.938447064,0.44,2.108669174
218,40.33497043,-74.50398017,"United States, North Atlantic Coast",Raritan,731504,USA,New Jersey,1133.681346,1.909883402,1.933019239,0.180676292,1.595106892,1.653582505,1.933019239,0.486630414,1.511144983
219,38.77697,-121.310833,California,Lower American,774440,USA,California,807.2039289,1.71838594,1.651327367,0.097777778,1.352829235,1.667576995,1.651327367,0.44,1.404008271
220,38.77697,-121.310833,California,Lower American,774440,USA,California,807.2039289,1.71838594,1.651327367,0.097777778,1.352829235,1.667576995,1.651327367,0.44,1.404008271
221,45.61797029,-122.4518268,Columbia and Northwestern United States,Lower Columbia / Sandy,782300,USA,Washington,160.0269163,0.411448873,1.195067426,0.097777778,0.457270128,0.498944616,1.195067426,0.44,0.706363479
222,30.21783601,-97.71287303,Gulf Coast,Lower Colorado,751810,USA,Texas,7711.281217,1.807243125,1.244503374,0.187627821,1.369365655,1.670295758,1.244503374,0.490540649,1.287465509
223,44.84680901,-93.23602596,Mississippi - Missouri,Lower Minnesota,742881,USA,Minnesota,5255.134551,1.019251723,1.565399222,0.175176362,0.913890912,1.061805138,1.565399222,0.483536703,1.099094125
224,44.84680901,-93.23602596,Mississippi - Missouri,Lower Minnesota,742881,USA,Minnesota,5255.134551,1.019251723,1.565399222,0.175176362,0.913890912,1.061805138,1.565399222,0.483536703,1.099094125
225,34.18720801,-118.927667,California,Calleguas,774170,USA,California,15035.97595,3.531966136,1.938447064,0.097777778,2.544921998,2.963781324,1.938447064,0.44,2.108669174
226,42.49930422,-71.16457447,Atlantic Ocean Seaboard,Charles,731190,USA,Massachusetts,8235.727113,1.512274699,1.924709178,0.136840104,1.270706297,1.345401112,1.924709178,0.461972558,1.342355542
227,42.49930422,-71.16457447,Atlantic Ocean Seaboard,Charles,731190,USA,Massachusetts,8235.727113,1.512274699,1.924709178,0.136840104,1.270706297,1.345401112,1.924709178,0.461972558,1.342355542
228,33.87905798,-118.017857,California,San Gabriel,774170,USA,California,15035.97595,3.531966136,1.938447064,0.097777778,2.544921998,2.963781324,1.938447064,0.44,2.108669174
229,37.55003598,-122.062164,California,Coyote,774300,USA,California,10534.35993,1.668121673,1.938685854,0.097777778,1.363006795,1.868063741,1.938685854,0.44,1.589720463
230,34.29784301,-118.412227,California,Los Angeles,774170,USA,California,15035.97595,3.531966136,1.938447064,0.097777778,2.544921998,2.963781324,1.938447064,0.44,2.108669174
231,34.29784301,-118.412227,California,Los Angeles,774170,USA,California,15035.97595,3.531966136,1.938447064,0.097777778,2.544921998,2.963781324,1.938447064,0.44,2.108669174
232,40.32856899,-74.63269998,"United States, North Atlantic Coast",Raritan,731504,USA,New Jersey,1133.681346,1.909883402,1.933019239,0.180676292,1.595106892,1.653582505,1.933019239,0.486630414,1.511144983
233,37.45677499,-122.175397,California,Coyote,774300,USA,California,10534.35993,1.668121673,1.938685854,0.097777778,1.363006795,1.868063741,1.938685854,0.44,1.589720463
234,27.762153,-82.63097501,"Gulf of Mexico, North Atlantic Coast",Tampa Bay,732577,USA,Florida,5183.606244,2.214490134,1.227964974,0.097777778,1.605476422,2.040106784,1.227964974,0.44,1.446776363
235,37.40136142,-121.9144316,California,Coyote,774300,USA,California,10534.35993,1.668121673,1.938685854,0.097777778,1.363006795,1.868063741,1.938685854,0.44,1.589720463
236,42.69053357,-73.83079199,"United States, North Atlantic Coast",Middle Hudson,731403,USA,New York,6269.122795,0.478510844,1.781332631,0.354160678,0.641871313,0.595550419,1.781332631,0.584215381,0.967621636
237,42.69053357,-73.83079199,"United States, North Atlantic Coast",Middle Hudson,731403,USA,New York,6269.122795,0.478510844,1.781332631,0.354160678,0.641871313,0.595550419,1.781332631,0.584215381,0.967621636
238,42.69053357,-73.83079199,"United States, North Atlantic Coast",Middle Hudson,731403,USA,New York,6269.122795,0.478510844,1.781332631,0.354160678,0.641871313,0.595550419,1.781332631,0.584215381,0.967621636
239,42.69053357,-73.83079199,"United States, North Atlantic Coast",Middle Hudson,731403,USA,New York,6269.122795,0.478510844,1.781332631,0.354160678,0.641871313,0.595550419,1.781332631,0.584215381,0.967621636
240,42.69053357,-73.83079199,"United States, North Atlantic Coast",Middle Hudson,731403,USA,New York,6269.122795,0.478510844,1.781332631,0.354160678,0.641871313,0.595550419,1.781332631,0.584215381,0.967621636
241,42.69053357,-73.83079199,"United States, North Atlantic Coast",Middle Hudson,731403,USA,New York,6269.122795,0.478510844,1.781332631,0.354160678,0.641871313,0.595550419,1.781332631,0.584215381,0.967621636
242,42.6724414,-73.8269429,"United States, North Atlantic Coast",Middle Hudson,731403,USA,New York,6269.122795,0.478510844,1.781332631,0.354160678,0.641871313,0.595550419,1.781332631,0.584215381,0.967621636
243,43.13250143,-75.22599221,"United States, North Atlantic Coast",Mohawk,731404,USA,New York,9037.991312,0.759447021,1.843918366,0.452219741,0.85071001,0.779132068,1.843918366,0.639373604,1.085957538
244,42.69053357,-73.83079199,"United States, North Atlantic Coast",Middle Hudson,731403,USA,New York,6269.122795,0.478510844,1.781332631,0.354160678,0.641871313,0.595550419,1.781332631,0.584215381,0.967621636
245,32.95219702,-96.83167701,Gulf Coast,Elm Fork Trinity,751408,USA,Texas,5459.344224,2.006827297,1.597845393,0.097777778,1.527916636,1.811680454,1.597845393,0.44,1.45537876
246,37.41016201,-122.079436,California,Coyote,774300,USA,California,10534.35993,1.668121673,1.938685854,0.097777778,1.363006795,1.868063741,1.938685854,0.44,1.589720463
247,37.62312002,-122.126077,California,San Francisco Bay,774300,USA,California,10534.35993,1.668121673,1.938685854,0.097777778,1.363006795,1.868063741,1.938685854,0.44,1.589720463
248,28.03896401,-80.60113397,"Gulf of Mexico, North Atlantic Coast",Cape Canaveral,732571,USA,Florida,9542.228009,2.242980566,0.913681043,0.097777778,1.686192357,2.172963805,0.913681043,0.44,1.483080386
249,42.362408,-122.878974,Columbia and Northwestern United States,Upper and Middle Rouge,781002,USA,Oregon,9329.110744,0.726699374,0.901920685,0.368417452,0.673694266,0.843064078,0.901920685,0.592234817,0.808844215
250,42.32356,-122.87561,Columbia and Northwestern United States,Upper and Middle Rouge,781002,USA,Oregon,9329.110744,0.726699374,0.901920685,0.368417452,0.673694266,0.843064078,0.901920685,0.592234817,0.808844215
251,42.48509568,-76.4603308,St Lawrence,Seneca,725540,USA,New York,13679.98758,0.442081274,1.664533905,0.550714068,0.644823004,0.598815885,1.664533905,0.694776663,0.955560687
252,30.37499699,-97.63750899,Gulf Coast,Lower Colorado,751810,USA,Texas,7711.281217,1.807243125,1.244503374,0.187627821,1.369365655,1.670295758,1.244503374,0.490540649,1.287465509
253,30.37499699,-97.63750899,Gulf Coast,Lower Colorado,751810,USA,Texas,7711.281217,1.807243125,1.244503374,0.187627821,1.369365655,1.670295758,1.244503374,0.490540649,1.287465509
254,37.40894802,-121.947191,California,Coyote,774300,USA,California,10534.35993,1.668121673,1.938685854,0.097777778,1.363006795,1.868063741,1.938685854,0.44,1.589720463
255,30.37499699,-97.63750899,Gulf Coast,Lower Colorado,751810,USA,Texas,7711.281217,1.807243125,1.244503374,0.187627821,1.369365655,1.670295758,1.244503374,0.490540649,1.287465509
256,35.060742,-106.534688,RÃ­o Grande - Bravo,Grande / Albuquerque,752195,USA,New Mexico,5666.714272,2.024685086,1.256368742,0.333256111,1.54095926,1.811689712,1.256368742,0.572456562,1.375434006
257,35.060742,-106.534688,RÃ­o Grande - Bravo,Grande / Albuquerque,752195,USA,New Mexico,5666.714272,2.024685086,1.256368742,0.333256111,1.54095926,1.811689712,1.256368742,0.572456562,1.375434006
258,44.86104299,-93.34440397,Mississippi - Missouri,Lower Minnesota,742881,USA,Minnesota,5255.134551,1.019251723,1.565399222,0.175176362,0.913890912,1.061805138,1.565399222,0.483536703,1.099094125
259,44.86104299,-93.34440397,Mississippi - Missouri,Lower Minnesota,742881,USA,Minnesota,5255.134551,1.019251723,1.565399222,0.175176362,0.913890912,1.061805138,1.565399222,0.483536703,1.099094125
260,44.86104299,-93.34440397,Mississippi - Missouri,Lower Minnesota,742881,USA,Minnesota,5255.134551,1.019251723,1.565399222,0.175176362,0.913890912,1.061805138,1.565399222,0.483536703,1.099094125
261,33.68044401,-117.872143,California,Santa Ana,774160,USA,California,6489.297197,3.5910042,1.795208616,0.097777778,2.561399046,3.005440042,1.795208616,0.44,2.083169057
262,33.459435,-88.815185,"Gulf of Mexico, North Atlantic Coast",Tibbee,732824,USA,Mississippi,8332.582452,1.271040149,1.11311799,0.705755354,1.123842683,1.395788905,1.11311799,0.781987387,1.177303033
263,42.52442105,-71.14157176,Atlantic Ocean Seaboard,Charles,731190,USA,Massachusetts,8235.727113,1.512274699,1.924709178,0.136840104,1.270706297,1.345401112,1.924709178,0.461972558,1.342355542
264,40.76569782,-73.29956415,"United States, North Atlantic Coast",Southern Long Island,731000,USA,New York,3216.211182,2.285133364,2.01721437,0.097777778,1.76577448,1.787065537,2.01721437,0.44,1.576151371
265,33.95897,-80.95306904,"Gulf of Mexico, North Atlantic Coast",Congaree,732402,USA,South Carolina,1981.427932,1.866847894,1.236361224,0.535063692,1.54503202,1.637205048,1.236361224,0.685973327,1.341491247
266,33.98768799,-81.03060902,"Gulf of Mexico, North Atlantic Coast",Congaree,732402,USA,South Carolina,1981.427932,1.866847894,1.236361224,0.535063692,1.54503202,1.637205048,1.236361224,0.685973327,1.341491247
267,33.95660898,-80.95166801,"Gulf of Mexico, North Atlantic Coast",Congaree,732402,USA,South Carolina,1981.427932,1.866847894,1.236361224,0.535063692,1.54503202,1.637205048,1.236361224,0.685973327,1.341491247
268,44.04434701,-121.326225,Columbia and Northwestern United States,Upper Deschutes,782400,USA,Oregon,6258.965973,1.46165965,1.185896795,0.698570119,1.253796652,1.422693242,1.185896795,0.777945692,1.21217909
269,44.04434701,-121.326225,Columbia and Northwestern United States,Upper Deschutes,782400,USA,Oregon,6258.965973,1.46165965,1.185896795,0.698570119,1.253796652,1.422693242,1.185896795,0.777945692,1.21217909
270,44.04434701,-121.326225,Columbia and Northwestern United States,Upper Deschutes,782400,USA,Oregon,6258.965973,1.46165965,1.185896795,0.698570119,1.253796652,1.422693242,1.185896795,0.777945692,1.21217909
271,36.13416057,-86.80751987,Mississippi - Missouri,Lower Cumberland / Sycamore,742643,USA,Tennessee,4555.023799,1.050014659,1.565399222,0.215256626,0.942197222,1.100632863,1.565399222,0.506081852,1.122232553
272,37.87509004,-122.2581099,California,Suisun Bay,774300,USA,California,10534.35993,1.668121673,1.938685854,0.097777778,1.363006795,1.868063741,1.938685854,0.44,1.589720463
273,28.03896401,-80.60113397,"Gulf of Mexico, North Atlantic Coast",Cape Canaveral,732571,USA,Florida,9542.228009,2.242980566,0.913681043,0.097777778,1.686192357,2.172963805,0.913681043,0.44,1.483080386
274,38.87359,-104.81119,Mississippi - Missouri,Fountain,742499,USA,Colorado,35217.62327,2.391895576,1.561660083,0.304971233,1.906921453,2.040802333,1.561660083,0.556546319,1.621189116
275,40.114938,-88.22819999,Mississippi - Missouri,Vermilion,742667,USA,Illinois,6422.680744,1.351464239,1.565399222,0.382976164,1.170176854,1.30405901,1.565399222,0.600424092,1.238453831
276,42.29247301,-83.71782497,St Lawrence,Huron,725572,USA,Michigan,2062.767827,1.984246195,1.658017978,0.412445544,1.591476069,1.677546248,1.658017978,0.617000618,1.448106662
277,44.97430802,-93.232696,Mississippi - Missouri,Twin Cities,742891,USA,Minnesota,1142.268969,2.037149929,1.565399222,0.097777778,1.542397402,1.821766716,1.565399222,0.44,1.449910304
278,41.69928054,-86.23659958,St Lawrence,St Joseph,725890,USA,Indiana,4281.72421,0.621420401,1.654069925,0.488229483,0.743302813,0.891830667,1.654069925,0.659629084,1.083653257
279,40.34406,-74.65685,"United States, North Atlantic Coast",Raritan,731504,USA,New Jersey,1133.681346,1.909883402,1.933019239,0.180676292,1.595106892,1.653582505,1.933019239,0.486630414,1.511144983
280,32.979798,-96.75186998,Gulf Coast,Upper Trinity,751407,USA,Texas,1277.914931,1.325941703,1.753212409,0.097777778,1.118872164,1.274423913,1.753212409,0.44,1.249952088
281,43.07010001,-89.41217298,Mississippi - Missouri,Upper Rock,742872,USA,Wisconsin,12848.27017,2.235783393,1.59468329,0.343688168,1.72662589,2.066492346,1.59468329,0.578324595,1.604201539
282,40.36402901,-74.73304201,"United States, North Atlantic Coast",Raritan,731504,USA,New Jersey,1708.524898,2.097082295,1.933019239,0.180676292,1.652398579,1.73182595,1.933019239,0.486630414,1.533214244
283,44.74368394,-93.31172603,Mississippi - Missouri,Lower Minnesota,742881,USA,Minnesota,5255.134551,1.019251723,1.565399222,0.175176362,0.913890912,1.061805138,1.565399222,0.483536703,1.099094125
284,37.38452701,-121.966405,California,Coyote,774300,USA,California,10534.35993,1.668121673,1.938685854,0.097777778,1.363006795,1.868063741,1.938685854,0.44,1.589720463
285,37.38452701,-121.966405,California,Coyote,774300,USA,California,10534.35993,1.668121673,1.938685854,0.097777778,1.363006795,1.868063741,1.938685854,0.44,1.589720463
286,37.24568602,-121.793822,California,Coyote,774300,USA,California,10534.35993,1.668121673,1.938685854,0.097777778,1.363006795,1.868063741,1.938685854,0.44,1.589720463
287,37.51212099,-121.94006,California,Coyote,774300,USA,California,10534.35993,1.668121673,1.938685854,0.097777778,1.363006795,1.868063741,1.938685854,0.44,1.589720463
288,33.625463,-101.875482,Gulf Coast,Yellow House Draw,751680,USA,Texas,9545.011013,3.512635153,1.20663807,0.270799791,2.634829015,2.989092483,1.20663807,0.537324882,2.012816441
289,33.44825,-112.0758,"North America, Colorado",Lower Salt,772221,USA,Arizona,1682.97431,2.795283938,1.245829955,0.097777778,2.110094564,2.52850046,1.245829955,0.44,1.764213562
290,33.44825,-112.0758,"North America, Colorado",Lower Salt,772221,USA,Arizona,1682.97431,2.795283938,1.245829955,0.097777778,2.110094564,2.52850046,1.245829955,0.44,1.764213562
291,37.37656399,-121.912976,California,Coyote,774300,USA,California,10534.35993,1.668121673,1.938685854,0.097777778,1.363006795,1.868063741,1.938685854,0.44,1.589720463
292,33.4183861,-111.931205,"North America, Colorado",Lower Salt,772221,USA,Arizona,1682.97431,2.795283938,1.245829955,0.097777778,2.110094564,2.52850046,1.245829955,0.44,1.764213562
293,40.43886,-79.958295,Mississippi - Missouri,Lower Monongahela,742698,USA,Pennsylvania,7083.867389,1.421280801,1.508361177,0.454224264,1.221743568,1.208184322,1.508361177,0.640501149,1.183464766
294,40.43851,-79.99734,Mississippi - Missouri,Lower Monongahela,742698,USA,Pennsylvania,7083.867389,1.421280801,1.508361177,0.454224264,1.221743568,1.208184322,1.508361177,0.640501149,1.183464766
295,30.407715,-91.18497858,Mississippi - Missouri,Lower Mississippi / Baton Rouge / Bayou Sara / Thompson,742100,USA,Louisiana,5061.32638,1.041561816,1.033682306,0.097777778,0.86724889,1.29720274,1.033682306,0.44,1.058634475
296,42.36099599,-71.09249337,Atlantic Ocean Seaboard,Charles,731190,USA,Massachusetts,8235.727113,1.512274699,1.924709178,0.136840104,1.270706297,1.345401112,1.924709178,0.461972558,1.342355542
297,42.36099599,-71.09249337,Atlantic Ocean Seaboard,Charles,731190,USA,Massachusetts,8235.727113,1.512274699,1.924709178,0.136840104,1.270706297,1.345401112,1.924709178,0.461972558,1.342355542
298,42.36099599,-71.09249337,Atlantic Ocean Seaboard,Charles,731190,USA,Massachusetts,8235.727113,1.512274699,1.924709178,0.136840104,1.270706297,1.345401112,1.924709178,0.461972558,1.342355542
299,42.45931466,-71.26571806,Atlantic Ocean Seaboard,Merrimack / Concord,731180,USA,Massachusetts,3158.112759,1.170541334,1.68623453,0.4674312,1.091667382,1.021858557,1.68623453,0.64793005,1.152939705
300,42.45931466,-71.26571806,Atlantic Ocean Seaboard,Merrimack / Concord,731180,USA,Massachusetts,3158.112759,1.170541334,1.68623453,0.4674312,1.091667382,1.021858557,1.68623453,0.64793005,1.152939705
301,42.45931466,-71.26571806,Atlantic Ocean Seaboard,Merrimack / Concord,731180,USA,Massachusetts,3158.112759,1.170541334,1.68623453,0.4674312,1.091667382,1.021858557,1.68623453,0.64793005,1.152939705
302,40.8017343,-77.86073887,"United States, North Atlantic Coast",Bald Eagle,731604,USA,Pennsylvania,17936.98339,1.093822374,1.188944376,0.606821724,1.000840085,1.094391477,1.188944376,0.72633722,1.046765181
303,40.42423274,-86.92280179,Mississippi - Missouri,Middle Wabash / Little Vermilion,742667,USA,Indiana,4914.680006,1.351464239,1.565399222,0.382976164,1.170176854,1.30405901,1.565399222,0.600424092,1.238453831
304,37.4280501,-122.1763912,California,Coyote,774300,USA,California,10534.35993,1.668121673,1.938685854,0.097777778,1.363006795,1.868063741,1.938685854,0.44,1.589720463
305,33.24046198,-111.881664,"North America, Colorado",Middle Gila,772250,USA,Arizona,2860.161164,3.094675105,1.245829955,0.097777778,2.317835374,2.764372231,1.245829955,0.44,1.887765442
306,33.24046198,-111.881664,"North America, Colorado",Middle Gila,772250,USA,Arizona,2860.161164,3.094675105,1.245829955,0.097777778,2.317835374,2.764372231,1.245829955,0.44,1.887765442
307,48.36098,-107.87406,Mississippi - Missouri,Middle Milk,742994,USA,Montana,37920.65384,3.719796738,1.556205358,0.614191867,2.721455467,3.120998249,1.556205358,0.730482925,2.123586742
308,33.55636246,-96.60825856,Mississippi - Missouri,Bois D Arc / Island,742250,USA,Texas,1443.775858,0.562975937,1.565399222,0.596911884,0.717121382,0.699346192,1.565399222,0.720762935,0.977345411
309,30.5725,-97.416667,Gulf Coast,San Gabriel,751640,USA,Texas,5544.161998,1.607115307,1.21863316,0.32835127,1.26955996,1.464522073,1.21863316,0.569697589,1.198488841
310,40.09,-82.48,Mississippi - Missouri,Licking,742694,USA,Ohio,20640.78817,1.560781672,1.572723151,0.542083258,1.338912481,1.264520176,1.572723151,0.689921833,1.240879359
311,43.53787307,-116.1542917,Columbia and Northwestern United States,Lower Boise,782940,USA,Idaho,10125.02195,2.903482978,1.195067426,0.400942743,2.234638989,2.442333794,1.195067426,0.610530293,1.737057022
312,33.6,-83.866667,"Gulf of Mexico, North Atlantic Coast",Ocmulgee,732549,USA,Georgia,1171.684835,1.714224667,1.132940531,0.314027536,1.32179835,1.372315199,1.132940531,0.561640489,1.126054838
313,41.13188,-92.64032,Mississippi - Missouri,Lower Des Moines,742841,USA,Iowa,5198.572273,0.765327652,1.565399222,0.645675835,0.856146263,0.989956739,1.565399222,0.748192657,1.120777716
314,42.02952,-91.71029,Mississippi - Missouri,Lower Cedar,742863,USA,Iowa,9102.124586,1.477297522,1.565399222,0.419384315,1.257965603,1.561629308,1.565399222,0.620903677,1.364772306
315,42.05097,-91.68167,Mississippi - Missouri,Lower Cedar,742863,USA,Iowa,9102.124586,1.477297522,1.565399222,0.419384315,1.257965603,1.561629308,1.565399222,0.620903677,1.364772306
316,33.30353,-111.89262,"North America, Colorado",Middle Gila,772250,USA,Arizona,2860.161164,3.094675105,1.245829955,0.097777778,2.317835374,2.764372231,1.245829955,0.44,1.887765442
317,33.44544,-112.15498,"North America, Colorado",Lower Salt,772221,USA,Arizona,1682.97431,2.795283938,1.245829955,0.097777778,2.110094564,2.52850046,1.245829955,0.44,1.764213562
318,33.41817,-112.00676,"North America, Colorado",Lower Salt,772221,USA,Arizona,1682.97431,2.795283938,1.245829955,0.097777778,2.110094564,2.52850046,1.245829955,0.44,1.764213562
319,33.46072,-111.97341,"North America, Colorado",Lower Salt,772221,USA,Arizona,1682.97431,2.795283938,1.245829955,0.097777778,2.110094564,2.52850046,1.245829955,0.44,1.764213562
320,33.7059,-112.08258,"North America, Colorado",Aqua Fria,772218,USA,Arizona,1576.365022,3.114972404,1.245829955,0.097777778,2.331919214,2.620304898,1.245829955,0.44,1.812301601
321,33.77598,-112.160488,"North America, Colorado",Aqua Fria,772218,USA,Arizona,1576.365022,3.114972404,1.245829955,0.097777778,2.331919214,2.620304898,1.245829955,0.44,1.812301601
322,33.33546,-111.89903,"North America, Colorado",Middle Gila,772250,USA,Arizona,2860.161164,3.094675105,1.245829955,0.097777778,2.317835374,2.764372231,1.245829955,0.44,1.887765442
323,32.87109,-111.78809,"North America, Colorado",Lower Santa Cruz,772240,USA,Arizona,12420.86901,3.101865839,1.290098756,0.332690978,2.371392854,2.741072644,1.290098756,0.572138675,1.913378397
324,32.872111,-111.791538,"North America, Colorado",Lower Santa Cruz,772240,USA,Arizona,12420.86901,3.101865839,1.290098756,0.332690978,2.371392854,2.741072644,1.290098756,0.572138675,1.913378397
325,33.24155,-111.88263,"North America, Colorado",Middle Gila,772250,USA,Arizona,2860.161164,3.094675105,1.245829955,0.097777778,2.317835374,2.764372231,1.245829955,0.44,1.887765442
326,33.280002,-111.801444,"North America, Colorado",Middle Gila,772250,USA,Arizona,2860.161164,3.094675105,1.245829955,0.097777778,2.317835374,2.764372231,1.245829955,0.44,1.887765442
327,33.27731,-111.81034,"North America, Colorado",Middle Gila,772250,USA,Arizona,2860.161164,3.094675105,1.245829955,0.097777778,2.317835374,2.764372231,1.245829955,0.44,1.887765442
328,33.2768,-111.89241,"North America, Colorado",Middle Gila,772250,USA,Arizona,2860.161164,3.094675105,1.245829955,0.097777778,2.317835374,2.764372231,1.245829955,0.44,1.887765442
329,32.893941,-111.791605,"North America, Colorado",Lower Santa Cruz,772240,USA,Arizona,12420.86901,3.101865839,1.290098756,0.332690978,2.371392854,2.741072644,1.290098756,0.572138675,1.913378397
330,32.868399,-111.79158,"North America, Colorado",Lower Santa Cruz,772240,USA,Arizona,12420.86901,3.101865839,1.290098756,0.332690978,2.371392854,2.741072644,1.290098756,0.572138675,1.913378397
331,37.83485,-122.26771,California,Suisun Bay,774300,USA,California,10534.35993,1.668121673,1.938685854,0.097777778,1.363006795,1.868063741,1.938685854,0.44,1.589720463
332,37.377606,-121.978786,California,Coyote,774300,USA,California,10534.35993,1.668121673,1.938685854,0.097777778,1.363006795,1.868063741,1.938685854,0.44,1.589720463
333,38.89357,-104.8633,Mississippi - Missouri,Fountain,742499,USA,Colorado,35217.62327,2.391895576,1.561660083,0.304971233,1.906921453,2.040802333,1.561660083,0.556546319,1.621189116
334,39.64846,-75.73899,"United States, North Atlantic Coast",Brandywine / Christina,731506,USA,Delaware,380.9505309,1.553419316,1.931139332,0.142389618,1.340502026,1.379359897,1.931139332,0.46509416,1.36286531
335,28.05196,-80.60428,"Gulf of Mexico, North Atlantic Coast",Cape Canaveral,732571,USA,Florida,9542.228009,2.242980566,0.913681043,0.097777778,1.686192357,2.172963805,0.913681043,0.44,1.483080386
336,33.61801,-83.81109,"Gulf of Mexico, North Atlantic Coast",Ocmulgee,732547,USA,Georgia,4700.815346,1.557504976,1.048184523,0.620301786,1.277242746,1.334439239,1.048184523,0.733919755,1.117617858
337,43.52911,-116.14889,Columbia and Northwestern United States,Lower Boise,782940,USA,Idaho,10125.02195,2.903482978,1.195067426,0.400942743,2.234638989,2.442333794,1.195067426,0.610530293,1.737057022
338,38.90181,-86.91263,Mississippi - Missouri,Lower White,742664,USA,Indiana,20887.18184,1.80665486,1.565399222,0.271749014,1.434418605,1.60572288,1.565399222,0.53785882,1.368175607
339,38.89847,-86.91122,Mississippi - Missouri,Lower White,742664,USA,Indiana,20887.18184,1.80665486,1.565399222,0.271749014,1.434418605,1.60572288,1.565399222,0.53785882,1.368175607
340,38.90206,-86.90508,Mississippi - Missouri,Lower White,742664,USA,Indiana,20887.18184,1.80665486,1.565399222,0.271749014,1.434418605,1.60572288,1.565399222,0.53785882,1.368175607
341,39.20821,-86.5477,Mississippi - Missouri,Upper White,742664,USA,Indiana,8294.397654,1.80665486,1.565399222,0.271749014,1.434418605,1.60572288,1.565399222,0.53785882,1.368175607
342,38.89972,-86.90326,Mississippi - Missouri,Lower White,742664,USA,Indiana,20887.18184,1.80665486,1.565399222,0.271749014,1.434418605,1.60572288,1.565399222,0.53785882,1.368175607
343,40.46457,-86.92797,Mississippi - Missouri,Middle Wabash / Little Vermilion,742667,USA,Indiana,4914.680006,1.351464239,1.565399222,0.382976164,1.170176854,1.30405901,1.565399222,0.600424092,1.238453831
344,40.42364,-86.92781,Mississippi - Missouri,Middle Wabash / Little Vermilion,742667,USA,Indiana,4914.680006,1.351464239,1.565399222,0.382976164,1.170176854,1.30405901,1.565399222,0.600424092,1.238453831
345,38.17865,-95.74203,Mississippi - Missouri,Upper Neosho,742447,USA,Kansas,8207.382828,0.579634028,1.565399222,0.622711433,0.733348365,0.684258686,1.565399222,0.735275181,0.973253907
346,37.74588,-97.243,Mississippi - Missouri,Little Arkansas,742493,USA,Kansas,14058.93237,1.966360761,1.565399222,0.319205958,1.546112896,1.8777529,1.565399222,0.564553351,1.502651834
347,35.732861,-79.445641,"Gulf of Mexico, North Atlantic Coast",Deep,732180,USA,North Carolina,8316.192613,2.041953746,1.10526745,0.531654451,1.573348589,1.787002255,1.10526745,0.684055629,1.33951829
348,42.4851,-76.46033,St Lawrence,Seneca,725540,USA,New York,13679.98758,0.442081274,1.664533905,0.550714068,0.644823004,0.598815885,1.664533905,0.694776663,0.955560687
349,41.65933,-73.93136,"United States, North Atlantic Coast",Lower Hudson / Wappinger,731401,USA,New York,3296.805918,0.463867159,2.014296578,0.162654925,0.62463951,0.592851281,2.014296578,0.476493395,1.017232347
350,43.04937,-76.15643,St Lawrence,Seneca,725540,USA,New York,13679.98758,0.442081274,1.664533905,0.550714068,0.644823004,0.598815885,1.664533905,0.694776663,0.955560687
351,43.11038,-78.91944,St Lawrence,Niagara,725555,USA,New York,5746.50627,0.45126353,1.646980831,0.162495469,0.562858439,0.607406605,1.646980831,0.476403701,0.908113644
352,40.09214,-82.80845,Mississippi - Missouri,Upper Scioto,742678,USA,Ohio,17080.69527,1.689513512,1.565434676,0.219174241,1.348598232,1.362533803,1.565434676,0.508285511,1.246766017
353,42.36266,-122.87841,Columbia and Northwestern United States,Upper and Middle Rouge,781002,USA,Oregon,9329.110744,0.726699374,0.901920685,0.368417452,0.673694266,0.843064078,0.901920685,0.592234817,0.808844215
354,34.9487,-80.94711,"Gulf of Mexico, North Atlantic Coast",Wateree,732407,USA,South Carolina,514.1469442,1.078119002,1.232451509,0.566618147,0.988423571,1.004240348,1.232451509,0.703722707,1.013040159
355,30.60903,-97.68321,Gulf Coast,San Gabriel,751640,USA,Texas,13176.61283,1.607115307,1.21863316,0.32835127,1.26955996,1.464522073,1.21863316,0.569697589,1.198488841
356,33.59289169,-96.60940552,Mississippi - Missouri,Bois D Arc / Island,742250,USA,Texas,1443.775858,0.562975937,1.565399222,0.596911884,0.717121382,0.699346192,1.565399222,0.720762935,0.977345411
357,30.536521,-97.464943,Gulf Coast,San Gabriel,751640,USA,Texas,5544.161998,1.607115307,1.21863316,0.32835127,1.26955996,1.464522073,1.21863316,0.569697589,1.198488841
358,33.595397,-96.606303,Mississippi - Missouri,Bois D Arc / Island,742250,USA,Texas,1443.775858,0.562975937,1.565399222,0.596911884,0.717121382,0.699346192,1.565399222,0.720762935,0.977345411
359,40.4383246,-111.8329431,Great Basin,Jordan,773816,USA,Utah,9130.933488,2.025242905,1.228779,0.097777778,1.485585111,1.84708753,1.228779,0.44,1.355603251
